title,url
Salary: Data Scientist in United States 2024 | Glassdoor,https://duckduckgo.com/?q=Data%20Scientist+site:www.glassdoor.com&t=h_
Towards Data Science,https://duckduckgo.com/?q=Data%20Scientist+site:towardsdatascience.com&t=h_
Your Guide to Data Science Careers (+ How to Get Started),https://duckduckgo.com/?q=Data%20Scientist+site:pwskills.com&t=h_
20 Best Data Science Books | Built In,https://duckduckgo.com/?q=Data%20Scientist+site:builtin.com&t=h_
Salary: Data Scientist in United States 2024 | Glassdoor,https://duckduckgo.com/?q=Data%20Scientist+site:css.glassdoor.com&t=h_
Data Science Courses - Great Learning,https://duckduckgo.com/?q=Data%20Scientist+site:www.mygreatlearning.com&t=h_
Data Science Tutorials | DataCamp Blog | DataCamp,https://duckduckgo.com/?q=Data%20Scientist+site:www.datacamp.com&t=h_
"Data Science, B.S. - University of North Carolina at Charlotte",https://duckduckgo.com/?q=Data%20Scientist+site:catalog.charlotte.edu&t=h_
Data Analyst Online Course | Data Analytics | Udacity,https://duckduckgo.com/?q=Data%20Scientist+site:www.udacity.com&t=h_
"Data Scientist Salary in New York, NY - Levels.fyi",https://duckduckgo.com/?q=Data%20Scientist+site:www.levels.fyi&t=h_
Artificial Intelligence and Data Science: Learn Key Differences - Scaler,https://duckduckgo.com/?q=Data%20Scientist+site:www.scaler.com&t=h_
10 Free Must-Take Data Science Courses to Get Started,https://duckduckgo.com/?q=Data%20Scientist+site:www.kdnuggets.com&t=h_
"Data Science Vs Data Analytics: Definition, Process, Role And Skills ...",https://duckduckgo.com/?q=Data%20Scientist+site:pwskills.com&t=h_
11 Best Freelance Data Scientists [Hire in 48 Hours] | Toptal®,https://duckduckgo.com/?q=Data%20Scientist+site:www.toptal.com&t=h_
DataCamp Review - 8 Pros & Cons To Consider in 2024 - Upskillwise,https://duckduckgo.com/?q=Data%20Scientist+site:upskillwise.com&t=h_
Google Data Scientist Interview Questions | Glassdoor,https://duckduckgo.com/?q=Data%20Scientist+site:www.glassdoor.com&t=h_
Data Scientist Salary in United States - Levels.fyi,https://duckduckgo.com/?q=Data%20Scientist+site:www.levels.fyi&t=h_
10 Skills You Need to Become a Data Scientist - MSN,https://duckduckgo.com/?q=Data%20Scientist+site:www.msn.com&t=h_
Data Science List - Home,https://duckduckgo.com/?q=Data%20Scientist+site:www.datasciencelist.com&t=h_
Data Science | UNjobs,https://duckduckgo.com/?q=Data%20Scientist+site:unjobs.org&t=h_
Research Careers - Microsoft Research,https://duckduckgo.com/?q=Data%20Scientist+site:www.microsoft.com&t=h_
Data Analytics Services | Toptal®,https://duckduckgo.com/?q=Data%20Scientist+site:www.toptal.com&t=h_
Salary: Data Scientist in India 2024 | Glassdoor,https://duckduckgo.com/?q=Data%20Scientist+site:www.glassdoor.co.in&t=h_
